aircraft,airline,speed,speed_category
Airplane,"FEDEX EXPRESS",3000,"HIGH SPEED"
Airplane,MILITARY,5000,"HIGH SPEED"
Airplane,BUSINESS,1000,"HIGH SPEED"
Airplane,"CHAUTAUQUA AIRLINES",500,"HIGH SPEED"
Airplane,"UNITED AIRLINES",700,"HIGH SPEED"
Airplane,"US CUSTOMS AND BORDER PROTECTION",1000,"HIGH SPEED"
Airplane,"US AIRWAYS*",12000,"HIGH SPEED"
Airplane,"UNITED AIRLINES",200,"HIGH SPEED"
Airplane,BUSINESS,2000,"HIGH SPEED"
Airplane,"AMERICAN AIRLINES",100,"HIGH SPEED"
Airplane,"PRIVATELY OWNED",1500,"HIGH SPEED"
Airplane,BUSINESS,5000,"HIGH SPEED"
Airplane,BUSINESS,200,"HIGH SPEED"
Airplane,"TRANS WORLD AIRLINES",350,"HIGH SPEED"
Airplane,"US AIRWAYS*",800,"HIGH SPEED"
Airplane,"MESABA AIRLINES",500,"HIGH SPEED"
Airplane,"SOUTHWEST AIRLINES",12500,"HIGH SPEED"
Airplane,"SOUTHWEST AIRLINES",1000,"HIGH SPEED"
Airplane,BUSINESS,500,"HIGH SPEED"
Airplane,"AIRTRAN AIRWAYS",1800,"HIGH SPEED"
Airplane,"EXPRESSJET (CONTINENTAL EXPRS)",300,"HIGH SPEED"
Airplane,"AMERICAN AIRLINES",100,"HIGH SPEED"
Airplane,"SOUTHWEST AIRLINES",1400,"HIGH SPEED"
Airplane,"EXPRESSJET (CONTINENTAL EXPRS)",300,"HIGH SPEED"
Airplane,"UPS AIRLINES",2000,"HIGH SPEED"
Airplane,"CONTINENTAL AIRLINES",100,"HIGH SPEED"
Helicopter,"PHI INC",100,"HIGH SPEED"
Airplane,"AMERICAN AIRLINES",400,"HIGH SPEED"
Airplane,"AMERICAN EAGLE AIRLINES",5000,"HIGH SPEED"
Airplane,"UNITED AIRLINES",3500,"HIGH SPEED"
Airplane,"NORTHWEST AIRLINES",2000,"HIGH SPEED"
Airplane,"PRIVATELY OWNED",1300,"HIGH SPEED"
Airplane,"CONTINENTAL AIRLINES",1200,"HIGH SPEED"
Airplane,"AMERICAN EAGLE AIRLINES",17000,"HIGH SPEED"
Airplane,"NORTHWEST AIRLINES",2500,"HIGH SPEED"
Airplane,"SKYWEST AIRLINES",200,"HIGH SPEED"
Airplane,MILITARY,1000,"HIGH SPEED"
Airplane,"AMERICAN AIRLINES",400,"HIGH SPEED"
Airplane,"ALASKA AIRLINES",2600,"HIGH SPEED"
Airplane,"SOUTHWEST AIRLINES",7000,"HIGH SPEED"
Airplane,"AIR CANADA",1600,"HIGH SPEED"
Airplane,"NORTHWEST AIRLINES",1500,"HIGH SPEED"
Airplane,"DELTA AIR LINES",100,"HIGH SPEED"
,MILITARY,800,"HIGH SPEED"
Airplane,"ALASKA AIRLINES",1000,"HIGH SPEED"
Airplane,"AIRTRAN AIRWAYS",100,"HIGH SPEED"
Airplane,"MESABA AIRLINES",200,"HIGH SPEED"
Airplane,MILITARY,100,"HIGH SPEED"
Airplane,"US AIRWAYS*",100,"HIGH SPEED"
Airplane,"HORIZON AIR",300,"HIGH SPEED"
Airplane,"FEDEX EXPRESS",4200,"HIGH SPEED"
Airplane,"RYAN INTL AIRLINES",600,"HIGH SPEED"
Airplane,"AMERICAN AIRLINES",1000,"HIGH SPEED"
Airplane,"AMERICA WEST AIRLINES",200,"HIGH SPEED"
Airplane,"AMERICAN EAGLE AIRLINES",800,"HIGH SPEED"
Airplane,"TRANS STATES AIRLINES",100,"HIGH SPEED"
Airplane,"PRIVATELY OWNED",2000,"HIGH SPEED"
Airplane,"PRIVATELY OWNED",1500,"HIGH SPEED"
Airplane,"AIRTRAN AIRWAYS",5000,"HIGH SPEED"
Airplane,"DELTA AIR LINES",800,"HIGH SPEED"
Airplane,"TRANS WORLD AIRLINES",200,"HIGH SPEED"
Airplane,MILITARY,1000,"HIGH SPEED"
Airplane,BUSINESS,500,"HIGH SPEED"
Airplane,"AMERICAN EAGLE AIRLINES",1500,"HIGH SPEED"
Airplane,BUSINESS,200,"HIGH SPEED"
Airplane,"AMERICAN EAGLE AIRLINES",700,"HIGH SPEED"
Airplane,"SOUTHWEST AIRLINES",6000,"HIGH SPEED"
Airplane,"MESA AIRLINES",1800,"HIGH SPEED"
Airplane,"ASTAR AIR CARGO",300,"HIGH SPEED"
Airplane,BUSINESS,2000,"HIGH SPEED"
Airplane,"AMERICAN AIRLINES",300,"HIGH SPEED"
Airplane,"AMERICAN EAGLE AIRLINES",5000,"HIGH SPEED"
Airplane,MILITARY,140,"HIGH SPEED"
Airplane,"PIEDMONT AIRLINES",200,"HIGH SPEED"
,MILITARY,1000,"HIGH SPEED"
Airplane,"MESABA AIRLINES",2400,"HIGH SPEED"
Airplane,"AIR CANADA",300,"HIGH SPEED"
Airplane,"UNITED AIRLINES",150,"HIGH SPEED"
Airplane,"US AIRWAYS*",100,"HIGH SPEED"
Airplane,"DELTA AIR LINES",1000,"HIGH SPEED"
Airplane,MILITARY,500,"HIGH SPEED"
Airplane,MILITARY,1500,"HIGH SPEED"
Airplane,"PRIVATELY OWNED",1500,"HIGH SPEED"
Airplane,UNKNOWN,5000,"HIGH SPEED"
Airplane,"SOUTHWEST AIRLINES",100,"HIGH SPEED"
Airplane,"US AIRWAYS*",1000,"HIGH SPEED"
Airplane,"AMERICAN EAGLE AIRLINES",3000,"HIGH SPEED"
Airplane,"AMERICAN EAGLE AIRLINES",1200,"HIGH SPEED"
Airplane,"US CUSTOMS AND BORDER PROTECTION",600,"HIGH SPEED"
Airplane,"UNITED AIRLINES",500,"HIGH SPEED"
Airplane,"AMERICAN AIRLINES",200,"HIGH SPEED"
Airplane,"US AIRWAYS*",7000,"HIGH SPEED"
Airplane,"UNITED AIRLINES",600,"HIGH SPEED"
Airplane,"US AIRWAYS*",300,"HIGH SPEED"
Airplane,GOVERNMENT,600,"HIGH SPEED"
Airplane,BUSINESS,1300,"HIGH SPEED"
Airplane,MILITARY,2000,"HIGH SPEED"
Airplane,MILITARY,700,"HIGH SPEED"
Airplane,WESTAIR,500,"HIGH SPEED"
Airplane,"US AIRWAYS*",2500,"HIGH SPEED"
Airplane,"SOUTHWEST AIRLINES",200,"HIGH SPEED"
Airplane,"NORTHWEST AIRLINES",21000,"HIGH SPEED"
Airplane,"UNITED AIRLINES",5000,"HIGH SPEED"
Airplane,"EXECUTIVE JET AVIATION",400,"HIGH SPEED"
Airplane,BUSINESS,1000,"HIGH SPEED"
Airplane,"HORIZON AIR",3000,"HIGH SPEED"
Airplane,BUSINESS,500,"HIGH SPEED"
Airplane,MILITARY,7000,"HIGH SPEED"
Airplane,BUSINESS,500,"HIGH SPEED"
Airplane,"UNITED AIRLINES",250,"HIGH SPEED"
Airplane,"DELTA AIR LINES",700,"HIGH SPEED"
Airplane,"EXECUTIVE JET AVIATION",1500,"HIGH SPEED"
Airplane,"ABX AIR",2100,"HIGH SPEED"
Helicopter,BUSINESS,800,"HIGH SPEED"
Airplane,MILITARY,800,"HIGH SPEED"
Airplane,"FEDEX EXPRESS",1500,"HIGH SPEED"
Airplane,"GREAT LAKES AIRLINES",450,"HIGH SPEED"
Airplane,"EXPRESSJET (CONTINENTAL EXPRS)",1500,"HIGH SPEED"
Airplane,"CONTINENTAL AIRLINES",2500,"HIGH SPEED"
Airplane,"NORTHWEST AIRLINES",8000,"HIGH SPEED"
Airplane,"MESA AIRLINES",150,"HIGH SPEED"
Airplane,"ABX AIR",900,"HIGH SPEED"
Airplane,"PRIVATELY OWNED",1000,"HIGH SPEED"
Airplane,MILITARY,1000,"HIGH SPEED"
Airplane,BUSINESS,3000,"HIGH SPEED"
Airplane,BUSINESS,2000,"HIGH SPEED"
Airplane,"UNITED AIRLINES",9000,"HIGH SPEED"
Airplane,"MESABA AIRLINES",500,"HIGH SPEED"
Airplane,"AMERICAN AIRLINES",2000,"HIGH SPEED"
Airplane,"DELTA AIR LINES",1000,"HIGH SPEED"
Airplane,"AMERICAN EAGLE AIRLINES",1000,"HIGH SPEED"
Airplane,"UNITED AIRLINES",400,"HIGH SPEED"
Airplane,"DELTA AIR LINES",300,"HIGH SPEED"
Airplane,"NORTHWEST AIRLINES",3000,"HIGH SPEED"
Airplane,"HORIZON AIR",100,"HIGH SPEED"
Airplane,MILITARY,2000,"HIGH SPEED"
Airplane,BUSINESS,300,"HIGH SPEED"
Airplane,"NORTHWEST AIRLINES",200,"HIGH SPEED"
Airplane,"EXECUTIVE JET AVIATION",300,"HIGH SPEED"
Airplane,"NORTHWEST AIRLINES",800,"HIGH SPEED"
Airplane,"US AIRWAYS*",500,"HIGH SPEED"
Airplane,"DELTA AIR LINES",7000,"HIGH SPEED"
Airplane,BUSINESS,100,"HIGH SPEED"
Airplane,"GREAT LAKES AIRLINES",6000,"HIGH SPEED"
Airplane,"UPS AIRLINES",8500,"HIGH SPEED"
Airplane,"TRANS WORLD AIRLINES",1500,"HIGH SPEED"
Airplane,"AMERICAN AIRLINES",7000,"HIGH SPEED"
Airplane,"MESABA AIRLINES",2000,"HIGH SPEED"
Airplane,"NORTHWEST AIRLINES",600,"HIGH SPEED"
Airplane,"UNITED AIRLINES",3000,"HIGH SPEED"
Airplane,"AMERICAN AIRLINES",1700,"HIGH SPEED"
Airplane,"AMERICAN EAGLE AIRLINES",1000,"HIGH SPEED"
Airplane,"HORIZON AIR",300,"HIGH SPEED"
Airplane,MILITARY,100,"HIGH SPEED"
Airplane,"AMERICAN AIRLINES",100,"HIGH SPEED"
Airplane,BUSINESS,150,"HIGH SPEED"
Airplane,"EMPIRE AIRLINES",400,"HIGH SPEED"
Airplane,"AMERICA WEST AIRLINES",300,"HIGH SPEED"
Airplane,"UNITED AIRLINES",200,"HIGH SPEED"
Airplane,COMMUTAIR,100,"HIGH SPEED"
Airplane,"AMERICAN AIRLINES",5000,"HIGH SPEED"
Airplane,"AMERICAN AIRLINES",11000,"HIGH SPEED"
Airplane,"DELTA AIR LINES",100,"HIGH SPEED"
Airplane,"AIR CANADA",200,"HIGH SPEED"
Airplane,"NORTHWEST AIRLINES",200,"HIGH SPEED"
,"TRANS STATES AIRLINES",500,"HIGH SPEED"
Airplane,"US AIRWAYS*",300,"HIGH SPEED"
Airplane,"DELTA AIR LINES",500,"HIGH SPEED"
Airplane,"AMERICAN AIRLINES",500,"HIGH SPEED"
Airplane,"UNITED AIRLINES",200,"HIGH SPEED"
Airplane,"AMERICA WEST AIRLINES",1000,"HIGH SPEED"
Airplane,MILITARY,400,"HIGH SPEED"
Airplane,"DELTA AIR LINES",350,"HIGH SPEED"
Airplane,"DELTA AIR LINES",1300,"HIGH SPEED"
Airplane,"AMERICAN AIRLINES",2500,"HIGH SPEED"
Airplane,"DELTA AIR LINES",100,"HIGH SPEED"
Airplane,"AMERICAN AIRLINES",5000,"HIGH SPEED"
Airplane,BUSINESS,300,"HIGH SPEED"
Airplane,"COMAIR AIRLINES",200,"HIGH SPEED"
Airplane,"SOUTHWEST AIRLINES",300,"HIGH SPEED"
Airplane,"ALASKA AIRLINES",100,"HIGH SPEED"
Airplane,"US AIRWAYS*",200,"HIGH SPEED"
Airplane,"HAWAIIAN AIR",100,"HIGH SPEED"
Airplane,"FEDEX EXPRESS",200,"HIGH SPEED"
Airplane,"CANADIAN REGIONAL AIRLINES",2000,"HIGH SPEED"
Airplane,"AMERICAN AIRLINES",5000,"HIGH SPEED"
Airplane,"AIRTRAN AIRWAYS",1000,"HIGH SPEED"
Airplane,BUSINESS,550,"HIGH SPEED"
Airplane,"TRANS WORLD AIRLINES",800,"HIGH SPEED"
,BUSINESS,700,"HIGH SPEED"
Airplane,"US AIRWAYS*",400,"HIGH SPEED"
Airplane,"AMERICAN AIRLINES",200,"HIGH SPEED"
Airplane,"NORTHWEST AIRLINES",3000,"HIGH SPEED"
Airplane,"US AIRWAYS*",4000,"HIGH SPEED"
Airplane,"ABX AIR",5000,"HIGH SPEED"
Airplane,"NORTHWEST AIRLINES",200,"HIGH SPEED"
Airplane,"AMERICAN AIRLINES",600,"HIGH SPEED"
Airplane,"DELTA AIR LINES",100,"HIGH SPEED"
Airplane,"UNITED AIRLINES",5000,"HIGH SPEED"
Airplane,"MESABA AIRLINES",500,"HIGH SPEED"
Airplane,"PRIVATELY OWNED",300,"HIGH SPEED"
Airplane,"SOUTHWEST AIRLINES",500,"HIGH SPEED"
Airplane,BUSINESS,150,"HIGH SPEED"
Airplane,"UNITED AIRLINES",200,"HIGH SPEED"
Airplane,"UNITED AIRLINES",250,"HIGH SPEED"
Airplane,"EXECUTIVE JET AVIATION",1800,"HIGH SPEED"
Airplane,"NORTHWEST AIRLINES",600,"HIGH SPEED"
Airplane,"EXECUTIVE JET AVIATION",1000,"HIGH SPEED"
Airplane,"DELTA AIR LINES",1300,"HIGH SPEED"
Airplane,"AMERICA WEST AIRLINES",200,"HIGH SPEED"
Airplane,"DELTA AIR LINES",400,"HIGH SPEED"
Airplane,"EXECUTIVE JET AVIATION",300,"HIGH SPEED"
Airplane,BUSINESS,400,"HIGH SPEED"
Airplane,"NORTHWEST AIRLINES",200,"HIGH SPEED"
Airplane,MILITARY,1500,"HIGH SPEED"
Airplane,"HORIZON AIR",1500,"HIGH SPEED"
Airplane,"TRANS WORLD AIRLINES",500,"HIGH SPEED"
Airplane,"UNITED AIRLINES",500,"HIGH SPEED"
Airplane,BUSINESS,2000,"HIGH SPEED"
Airplane,"UNITED AIRLINES",1000,"HIGH SPEED"
Airplane,BUSINESS,1000,"HIGH SPEED"
Airplane,"US AIRWAYS*",100,"HIGH SPEED"
Airplane,"SOUTHWEST AIRLINES",3000,"HIGH SPEED"
Airplane,BUSINESS,1500,"HIGH SPEED"
Airplane,"AMERICAN AIRLINES",300,"HIGH SPEED"
Airplane,"UNITED AIRLINES",1700,"HIGH SPEED"
Airplane,"FEDEX EXPRESS",5000,"HIGH SPEED"
Airplane,"UNITED AIRLINES",3000,"HIGH SPEED"
Airplane,"PRIVATELY OWNED",400,"HIGH SPEED"
Airplane,"FEDEX EXPRESS",700,"HIGH SPEED"
Airplane,BUSINESS,200,"HIGH SPEED"
Airplane,BUSINESS,800,"HIGH SPEED"
Airplane,"ATLANTIC COAST AIRLINES",2000,"HIGH SPEED"
Airplane,BUSINESS,800,"HIGH SPEED"
Airplane,"EXPRESSJET (CONTINENTAL EXPRS)",700,"HIGH SPEED"
Airplane,COMMUTAIR,2000,"HIGH SPEED"
Airplane,"AMERICAN EAGLE AIRLINES",500,"HIGH SPEED"
Airplane,"AMERICAN AIRLINES",200,"HIGH SPEED"
Airplane,"SOUTHWEST AIRLINES",100,"HIGH SPEED"
Airplane,"AMERICA WEST AIRLINES",300,"HIGH SPEED"
Airplane,"TRANS WORLD AIRLINES",500,"HIGH SPEED"
Airplane,"TRANS WORLD AIRLINES",1500,"HIGH SPEED"
Airplane,"EXECUTIVE JET AVIATION",100,"HIGH SPEED"
Airplane,"NORTHWEST AIRLINES",500,"HIGH SPEED"
Airplane,BUSINESS,2500,"HIGH SPEED"
Airplane,"AMERICAN AIRLINES",100,"HIGH SPEED"
Airplane,"SOUTHWEST AIRLINES",7000,"HIGH SPEED"
Airplane,"NORTHWEST AIRLINES",2500,"HIGH SPEED"
Airplane,"EXPRESSJET (CONTINENTAL EXPRS)",700,"HIGH SPEED"
Airplane,"AMERICA WEST AIRLINES",6000,"HIGH SPEED"
Airplane,"MESABA AIRLINES",2000,"HIGH SPEED"
Airplane,BUSINESS,3000,"HIGH SPEED"
Airplane,"COMAIR AIRLINES",1000,"HIGH SPEED"
Airplane,MILITARY,200,"HIGH SPEED"
Airplane,"DELTA AIR LINES",150,"HIGH SPEED"
Airplane,"EXECUTIVE JET AVIATION",800,"HIGH SPEED"
Airplane,"NORTHWEST AIRLINES",200,"HIGH SPEED"
Airplane,MILITARY,1000,"HIGH SPEED"
Airplane,"DELTA AIR LINES",1500,"HIGH SPEED"
Airplane,"FEDEX EXPRESS",250,"HIGH SPEED"
Airplane,"CENTRAL AIR SOUTHWEST",3300,"HIGH SPEED"
Airplane,"AMERICAN AIRLINES",1000,"HIGH SPEED"
Airplane,"AMERICAN EAGLE AIRLINES",400,"HIGH SPEED"
Airplane,"UNITED AIRLINES",500,"HIGH SPEED"
Airplane,"SOUTHWEST AIRLINES",150,"HIGH SPEED"
Airplane,BUSINESS,2300,"HIGH SPEED"
Airplane,"AMERICAN EAGLE AIRLINES",2000,"HIGH SPEED"
Airplane,"AMERICAN EAGLE AIRLINES",4000,"HIGH SPEED"
Airplane,BUSINESS,5000,"HIGH SPEED"
Airplane,"AMERICAN EAGLE AIRLINES",2000,"HIGH SPEED"
Airplane,"SOUTHWEST AIRLINES",400,"HIGH SPEED"
Airplane,"DELTA AIR LINES",300,"HIGH SPEED"
Airplane,"FEDEX EXPRESS",500,"HIGH SPEED"
Airplane,MILITARY,1500,"HIGH SPEED"
Airplane,BUSINESS,1600,"HIGH SPEED"
Airplane,"TRANS WORLD AIRLINES",400,"HIGH SPEED"
Airplane,"SOUTHWEST AIRLINES",100,"HIGH SPEED"
Airplane,"FEDEX EXPRESS",500,"HIGH SPEED"
Airplane,BUSINESS,400,"HIGH SPEED"
Airplane,"DELTA AIR LINES",1500,"HIGH SPEED"
Airplane,"DELTA AIR LINES",100,"HIGH SPEED"
Airplane,"SOUTHWEST AIRLINES",4000,"HIGH SPEED"
Airplane,"TRANS WORLD AIRLINES",2970,"HIGH SPEED"
Airplane,"US AIRWAYS*",500,"HIGH SPEED"
Airplane,"UNITED AIRLINES",5000,"HIGH SPEED"
Airplane,"NORTHWEST AIRLINES",8000,"HIGH SPEED"
Airplane,"UNITED AIRLINES",5000,"HIGH SPEED"
Airplane,MILITARY,2081,"HIGH SPEED"
Airplane,MILITARY,2000,"HIGH SPEED"
Airplane,"DELTA AIR LINES",2300,"HIGH SPEED"
Airplane,"US AIRWAYS*",700,"HIGH SPEED"
Airplane,MILITARY,300,"HIGH SPEED"
Airplane,"DELTA AIR LINES",1000,"HIGH SPEED"
Airplane,"AMERICAN AIRLINES",800,"HIGH SPEED"
Airplane,MILITARY,300,"HIGH SPEED"
Airplane,BUSINESS,2500,"HIGH SPEED"
Airplane,BUSINESS,500,"HIGH SPEED"
Airplane,"BRITISH AIRWAYS",2500,"HIGH SPEED"
Airplane,"COMAIR AIRLINES",300,"HIGH SPEED"
Airplane,BUSINESS,6000,"HIGH SPEED"
Airplane,"UNITED AIRLINES",5000,"HIGH SPEED"
Airplane,"US AIRWAYS*",100,"HIGH SPEED"
Airplane,BUSINESS,2000,"HIGH SPEED"
Airplane,"AMERICA WEST AIRLINES",500,"HIGH SPEED"
Airplane,"US AIRWAYS*",1000,"HIGH SPEED"
Airplane,BUSINESS,1500,"HIGH SPEED"
Airplane,"AMERICAN AIRLINES",200,"HIGH SPEED"
Airplane,"NORTHWEST AIRLINES",1500,"HIGH SPEED"
Airplane,"UNITED AIRLINES",11000,"HIGH SPEED"
Airplane,BUSINESS,200,"HIGH SPEED"
Airplane,"US AIRWAYS*",100,"HIGH SPEED"
Airplane,"SOUTHWEST AIRLINES",400,"HIGH SPEED"
Airplane,BUSINESS,1800,"HIGH SPEED"
Helicopter,GOVERNMENT,1900,"HIGH SPEED"
Airplane,"NORTHWEST AIRLINES",1200,"HIGH SPEED"
Airplane,"AIRTRAN AIRWAYS",1200,"HIGH SPEED"
Airplane,"ATLANTIC COAST AIRLINES",800,"HIGH SPEED"
Airplane,"DELTA AIR LINES",125,"HIGH SPEED"
Airplane,BUSINESS,200,"HIGH SPEED"
Airplane,"SOUTHWEST AIRLINES",1000,"HIGH SPEED"
Airplane,"AIR CANADA",100,"HIGH SPEED"
Airplane,"DELTA AIR LINES",100,"HIGH SPEED"
Airplane,"ABX AIR",800,"HIGH SPEED"
Airplane,"US AIRWAYS*",800,"HIGH SPEED"
Airplane,"AMERICAN AIRLINES",200,"HIGH SPEED"
Airplane,"UNITED AIRLINES",800,"HIGH SPEED"
Helicopter,BUSINESS,500,"HIGH SPEED"
Airplane,BUSINESS,1600,"HIGH SPEED"
Airplane,"CONTINENTAL AIRLINES",300,"HIGH SPEED"
Airplane,BUSINESS,900,"HIGH SPEED"
Airplane,"SOUTHWEST AIRLINES",1200,"HIGH SPEED"
Airplane,"UNITED AIRLINES",0,"LOW SPEED"
Airplane,"SOUTHWEST AIRLINES",0,"LOW SPEED"
,UNKNOWN,NULL,"LOW SPEED"
Airplane,"PRIVATELY OWNED",3,"LOW SPEED"
Airplane,"ALASKA AIRLINES",NULL,"LOW SPEED"
,UNKNOWN,NULL,"LOW SPEED"
,UNKNOWN,NULL,"LOW SPEED"
Airplane,"UNITED AIRLINES",0,"LOW SPEED"
Airplane,BUSINESS,34,"LOW SPEED"
,MILITARY,NULL,"LOW SPEED"
Airplane,BUSINESS,0,"LOW SPEED"
Airplane,MILITARY,10,"LOW SPEED"
Airplane,"ATLAS AIR",NULL,"LOW SPEED"
Airplane,"AMERICAN EAGLE AIRLINES",NULL,"LOW SPEED"
,UNKNOWN,NULL,"LOW SPEED"
Airplane,"US AIRWAYS*",0,"LOW SPEED"
Airplane,BUSINESS,0,"LOW SPEED"
Airplane,BUSINESS,0,"LOW SPEED"
Airplane,"UNITED AIRLINES",NULL,"LOW SPEED"
Airplane,"UNITED AIRLINES",NULL,"LOW SPEED"
Airplane,"NORTHWEST AIRLINES",NULL,"LOW SPEED"
Airplane,"NORTHWEST AIRLINES",0,"LOW SPEED"
Airplane,"UNITED AIRLINES",NULL,"LOW SPEED"
Airplane,"SOUTHWEST AIRLINES",10,"LOW SPEED"
Airplane,"UNITED AIRLINES",0,"LOW SPEED"
Airplane,"UNITED AIRLINES",50,"LOW SPEED"
,UNKNOWN,NULL,"LOW SPEED"
Airplane,"US AIRWAYS*",0,"LOW SPEED"
Airplane,"SOUTHWEST AIRLINES",40,"LOW SPEED"
Airplane,MILITARY,0,"LOW SPEED"
Airplane,"AMERICAN EAGLE AIRLINES",0,"LOW SPEED"
Airplane,BUSINESS,NULL,"LOW SPEED"
Airplane,"US AIRWAYS*",0,"LOW SPEED"
Airplane,"AMERICA WEST AIRLINES",NULL,"LOW SPEED"
Airplane,"UNITED AIRLINES",0,"LOW SPEED"
Airplane,"UNITED AIRLINES",NULL,"LOW SPEED"
,UNKNOWN,NULL,"LOW SPEED"
Airplane,"US AIRWAYS*",75,"LOW SPEED"
Airplane,"NORTHWEST AIRLINES",0,"LOW SPEED"
Airplane,"AMERICAN EAGLE AIRLINES",0,"LOW SPEED"
Airplane,"UNITED AIRLINES",0,"LOW SPEED"
Airplane,"UNITED AIRLINES",NULL,"LOW SPEED"
,UNKNOWN,0,"LOW SPEED"
Airplane,"DELTA AIR LINES",0,"LOW SPEED"
Airplane,"UNITED AIRLINES",0,"LOW SPEED"
Airplane,"AMERICAN AIRLINES",0,"LOW SPEED"
Airplane,"AMERICAN EAGLE AIRLINES",10,"LOW SPEED"
Airplane,"UNITED AIRLINES",NULL,"LOW SPEED"
Airplane,"UNITED AIRLINES",NULL,"LOW SPEED"
,UNKNOWN,NULL,"LOW SPEED"
Airplane,"MURRAY AVIATION",0,"LOW SPEED"
,UNKNOWN,NULL,"LOW SPEED"
,UNKNOWN,NULL,"LOW SPEED"
,UNKNOWN,NULL,"LOW SPEED"
Airplane,"UNITED AIRLINES",NULL,"LOW SPEED"
Airplane,MILITARY,NULL,"LOW SPEED"
Airplane,"AMERICAN AIRLINES",0,"LOW SPEED"
Airplane,"UNITED AIRLINES",NULL,"LOW SPEED"
Airplane,"AMERICAN AIRLINES",0,"LOW SPEED"
Airplane,"AMERICA WEST AIRLINES",0,"LOW SPEED"
Airplane,"AIR WISCONSIN AIRLINES",NULL,"LOW SPEED"
Airplane,"US AIRWAYS*",0,"LOW SPEED"
Airplane,"UNITED AIRLINES",0,"LOW SPEED"
,UNKNOWN,NULL,"LOW SPEED"
Airplane,WESTAIR,0,"LOW SPEED"
,UNKNOWN,NULL,"LOW SPEED"
,UNKNOWN,NULL,"LOW SPEED"
Airplane,"UNITED AIRLINES",0,"LOW SPEED"
Airplane,"UNITED AIRLINES",NULL,"LOW SPEED"
Airplane,"UNITED AIRLINES",0,"LOW SPEED"
,UNKNOWN,NULL,"LOW SPEED"
,UNKNOWN,NULL,"LOW SPEED"
,UNKNOWN,NULL,"LOW SPEED"
,UNKNOWN,NULL,"LOW SPEED"
,UNKNOWN,NULL,"LOW SPEED"
Airplane,BUSINESS,0,"LOW SPEED"
Airplane,"HAWAIIAN AIR",0,"LOW SPEED"
,MILITARY,5,"LOW SPEED"
Airplane,MILITARY,NULL,"LOW SPEED"
Airplane,MILITARY,NULL,"LOW SPEED"
Airplane,MILITARY,0,"LOW SPEED"
Airplane,"ISLAND AIR",0,"LOW SPEED"
Airplane,"AMERICA WEST AIRLINES",0,"LOW SPEED"
Airplane,"AIR TRANSAT",20,"LOW SPEED"
Airplane,"AMERICAN EAGLE AIRLINES",NULL,"LOW SPEED"
Airplane,"TRANS WORLD AIRLINES",0,"LOW SPEED"
Airplane,"ALOHA AIRLINES",0,"LOW SPEED"
Airplane,"COMAIR AIRLINES",30,"LOW SPEED"
Airplane,"UNITED AIRLINES",NULL,"LOW SPEED"
Airplane,"AMERICAN EAGLE AIRLINES",50,"LOW SPEED"
Airplane,"AMERICAN EAGLE AIRLINES",50,"LOW SPEED"
Airplane,"US AIRWAYS*",38,"LOW SPEED"
Airplane,"AMERICAN AIRLINES",0,"LOW SPEED"
Airplane,"DELTA AIR LINES",10,"LOW SPEED"
Airplane,"AMERICAN AIRLINES",0,"LOW SPEED"
,UNKNOWN,NULL,"LOW SPEED"
Airplane,"AMERICAN AIRLINES",0,"LOW SPEED"
Airplane,"AMERICAN AIRLINES",0,"LOW SPEED"
Airplane,"UNITED AIRLINES",0,"LOW SPEED"
Airplane,"UNITED AIRLINES",NULL,"LOW SPEED"
Airplane,BUSINESS,10,"LOW SPEED"
Airplane,"UNITED AIRLINES",NULL,"LOW SPEED"
Airplane,"SOUTHWEST AIRLINES",NULL,"LOW SPEED"
Airplane,BREEZE,0,"LOW SPEED"
Airplane,MILITARY,NULL,"LOW SPEED"
Airplane,"ALASKA AIRLINES",0,"LOW SPEED"
Airplane,"AMERICAN AIRLINES",0,"LOW SPEED"
,UNKNOWN,NULL,"LOW SPEED"
Airplane,"US AIRWAYS*",0,"LOW SPEED"
Airplane,"UNITED AIRLINES",0,"LOW SPEED"
Airplane,"UNITED AIRLINES",0,"LOW SPEED"
Airplane,BUSINESS,NULL,"LOW SPEED"
Airplane,"UNITED AIRLINES",0,"LOW SPEED"
Airplane,"UNITED AIRLINES",NULL,"LOW SPEED"
Airplane,"UNITED AIRLINES",NULL,"LOW SPEED"
Airplane,"ALOHA AIRLINES",0,"LOW SPEED"
Airplane,"AMERICAN EAGLE AIRLINES",0,"LOW SPEED"
Airplane,"US AIRWAYS*",0,"LOW SPEED"
Airplane,BUSINESS,50,"LOW SPEED"
Airplane,BUSINESS,0,"LOW SPEED"
Airplane,"EXPRESSJET (CONTINENTAL EXPRS)",0,"LOW SPEED"
,UNKNOWN,NULL,"LOW SPEED"
Airplane,"ABX AIR",NULL,"LOW SPEED"
Airplane,"AMERICAN AIRLINES",0,"LOW SPEED"
Airplane,MILITARY,NULL,"LOW SPEED"
,UNKNOWN,NULL,"LOW SPEED"
Airplane,"OMNI AIR INTL",0,"LOW SPEED"
,UNKNOWN,NULL,"LOW SPEED"
,UNKNOWN,NULL,"LOW SPEED"
Airplane,"UNITED AIRLINES",0,"LOW SPEED"
Airplane,"AIR TRANSAT",0,"LOW SPEED"
,UNKNOWN,NULL,"LOW SPEED"
Airplane,"BUSINESS EXPRESS",0,"LOW SPEED"
Airplane,BUSINESS,15,"LOW SPEED"
Airplane,"AIR CANADA",NULL,"LOW SPEED"
Airplane,MILITARY,0,"LOW SPEED"
Airplane,MILITARY,NULL,"LOW SPEED"
Airplane,"UNITED AIRLINES",0,"LOW SPEED"
Airplane,"UNITED AIRLINES",0,"LOW SPEED"
Airplane,"UNITED AIRLINES",NULL,"LOW SPEED"
Airplane,"UNITED AIRLINES",NULL,"LOW SPEED"
,UNKNOWN,NULL,"LOW SPEED"
Airplane,UNKNOWN,0,"LOW SPEED"
Airplane,UNKNOWN,0,"LOW SPEED"
,UNKNOWN,NULL,"LOW SPEED"
Airplane,MILITARY,0,"LOW SPEED"
Airplane,"SINGAPORE AIRLINES",NULL,"LOW SPEED"
Airplane,"AIR JAMAICA",0,"LOW SPEED"
Airplane,"PRIVATELY OWNED",75,"LOW SPEED"
Airplane,"UNITED AIRLINES",0,"LOW SPEED"
,UNKNOWN,NULL,"LOW SPEED"
,UNKNOWN,NULL,"LOW SPEED"
Airplane,"UNITED AIRLINES",NULL,"LOW SPEED"
Airplane,MILITARY,0,"LOW SPEED"
Airplane,BUSINESS,30,"LOW SPEED"
Airplane,"NORTHWEST AIRLINES",0,"LOW SPEED"
Airplane,"UNITED AIRLINES",NULL,"LOW SPEED"
Airplane,"UNITED AIRLINES",NULL,"LOW SPEED"
Airplane,"UNITED AIRLINES",NULL,"LOW SPEED"
Airplane,"UNITED AIRLINES",0,"LOW SPEED"
Airplane,"UNITED AIRLINES",NULL,"LOW SPEED"
,UNKNOWN,NULL,"LOW SPEED"
Airplane,"AMERICA WEST AIRLINES",0,"LOW SPEED"
Airplane,"HAWAIIAN AIR",10,"LOW SPEED"
Airplane,"ABX AIR",30,"LOW SPEED"
Airplane,"AMERICA WEST AIRLINES",10,"LOW SPEED"
Airplane,"UNITED AIRLINES",NULL,"LOW SPEED"
Airplane,"UNITED AIRLINES",NULL,"LOW SPEED"
Airplane,BUSINESS,0,"LOW SPEED"
Airplane,MILITARY,50,"LOW SPEED"
Airplane,"AIRTRAN AIRWAYS",5,"LOW SPEED"
Airplane,"AMERICAN AIRLINES",5,"LOW SPEED"
Airplane,"US AIRWAYS*",0,"LOW SPEED"
Airplane,"CONTINENTAL AIRLINES",0,"LOW SPEED"
Airplane,"UNITED AIRLINES",NULL,"LOW SPEED"
Airplane,"EXECUTIVE JET AVIATION",20,"LOW SPEED"
Airplane,"UNITED AIRLINES",NULL,"LOW SPEED"
Airplane,"UNITED AIRLINES",0,"LOW SPEED"
Airplane,BUSINESS,NULL,"LOW SPEED"
Airplane,UNKNOWN,0,"LOW SPEED"
Airplane,"DELTA AIR LINES",NULL,"LOW SPEED"
Airplane,MILITARY,50,"LOW SPEED"
Airplane,"AMERICAN EAGLE AIRLINES",50,"LOW SPEED"
Airplane,"UNITED AIRLINES",NULL,"LOW SPEED"
Airplane,"FEDEX EXPRESS",NULL,"LOW SPEED"
Airplane,"AIR CANADA",0,"LOW SPEED"
Airplane,"UNITED AIRLINES",NULL,"LOW SPEED"
Airplane,"UNITED AIRLINES",NULL,"LOW SPEED"
Airplane,"UNITED AIRLINES",NULL,"LOW SPEED"
Airplane,"ALOHA AIRLINES",0,"LOW SPEED"
,UNKNOWN,NULL,"LOW SPEED"
,UNKNOWN,NULL,"LOW SPEED"
,UNKNOWN,NULL,"LOW SPEED"
Airplane,"UNITED AIRLINES",NULL,"LOW SPEED"
Airplane,BUSINESS,0,"LOW SPEED"
Airplane,"NORTHWEST AIRLINES",75,"LOW SPEED"
,UNKNOWN,NULL,"LOW SPEED"
Airplane,MILITARY,50,"LOW SPEED"
Airplane,MILITARY,NULL,"LOW SPEED"
Airplane,"AMERICAN AIRLINES",50,"LOW SPEED"
Airplane,"SKYWEST AIRLINES",0,"LOW SPEED"
,UNKNOWN,50,"LOW SPEED"
Airplane,"UNITED AIRLINES",0,"LOW SPEED"
Airplane,"UNITED AIRLINES",0,"LOW SPEED"
Airplane,"GREAT LAKES AIRLINES",0,"LOW SPEED"
Airplane,"CONTINENTAL AIRLINES",NULL,"LOW SPEED"
Airplane,"UNITED AIRLINES",NULL,"LOW SPEED"
,UNKNOWN,NULL,"LOW SPEED"
Airplane,"AMERICAN AIRLINES",70,"LOW SPEED"
Airplane,MILITARY,0,"LOW SPEED"
,UNKNOWN,NULL,"LOW SPEED"
Airplane,MILITARY,50,"LOW SPEED"
Airplane,"US AIRWAYS*",0,"LOW SPEED"
,UNKNOWN,NULL,"LOW SPEED"
Airplane,"FEDEX EXPRESS",NULL,"LOW SPEED"
Airplane,"UNITED AIRLINES",NULL,"LOW SPEED"
,BUSINESS,NULL,"LOW SPEED"
Airplane,"AMERICAN AIRLINES",10,"LOW SPEED"
Airplane,"UNITED AIRLINES",0,"LOW SPEED"
Airplane,"AMERICA WEST AIRLINES",0,"LOW SPEED"
Airplane,"UNITED AIRLINES",NULL,"LOW SPEED"
Airplane,"UNITED AIRLINES",NULL,"LOW SPEED"
Airplane,"UNITED AIRLINES",NULL,"LOW SPEED"
Airplane,"US AIRWAYS*",50,"LOW SPEED"
Airplane,"SPIRIT AIRLINES",0,"LOW SPEED"
Airplane,"NORTHWEST AIRLINES",NULL,"LOW SPEED"
Airplane,BUSINESS,5,"LOW SPEED"
Airplane,"NORTHWEST AIRLINES",50,"LOW SPEED"
Airplane,BUSINESS,10,"LOW SPEED"
Airplane,"MESABA AIRLINES",NULL,"LOW SPEED"
Airplane,BUSINESS,0,"LOW SPEED"
Airplane,"UNITED AIRLINES",0,"LOW SPEED"
,UNKNOWN,NULL,"LOW SPEED"
,UNKNOWN,NULL,"LOW SPEED"
Airplane,"AMERICAN AIRLINES",0,"LOW SPEED"
Airplane,"ALASKA AIRLINES",NULL,"LOW SPEED"
,UNKNOWN,NULL,"LOW SPEED"
Airplane,"UNITED AIRLINES",NULL,"LOW SPEED"
Airplane,MILITARY,0,"LOW SPEED"
Airplane,"CHAUTAUQUA AIRLINES",0,"LOW SPEED"
Airplane,"UNITED AIRLINES",0,"LOW SPEED"
Airplane,"UNITED AIRLINES",NULL,"LOW SPEED"
,UNKNOWN,NULL,"LOW SPEED"
Airplane,"US AIRWAYS*",0,"LOW SPEED"
Airplane,"SOUTHWEST AIRLINES",0,"LOW SPEED"
Airplane,"CHAUTAUQUA AIRLINES",0,"LOW SPEED"
Airplane,"DELTA AIR LINES",0,"LOW SPEED"
Airplane,"UNITED AIRLINES",NULL,"LOW SPEED"
Airplane,BUSINESS,0,"LOW SPEED"
Airplane,BUSINESS,NULL,"LOW SPEED"
Airplane,"UNITED AIRLINES",NULL,"LOW SPEED"
Airplane,"UNITED AIRLINES",NULL,"LOW SPEED"
Airplane,"ATLANTIC SOUTHEAST",0,"LOW SPEED"
Airplane,"UNITED AIRLINES",0,"LOW SPEED"
Airplane,"SOUTHWEST AIRLINES",10,"LOW SPEED"
Airplane,"AMERICAN AIRLINES",NULL,"LOW SPEED"
Airplane,BUSINESS,NULL,"LOW SPEED"
Airplane,"CONTINENTAL AIRLINES",10,"LOW SPEED"
Airplane,"UNITED AIRLINES",NULL,"LOW SPEED"
,UNKNOWN,NULL,"LOW SPEED"
,UNKNOWN,NULL,"LOW SPEED"
,UNKNOWN,NULL,"LOW SPEED"
Airplane,"US AIRWAYS*",NULL,"LOW SPEED"
Airplane,"CONTINENTAL AIRLINES",NULL,"LOW SPEED"
Airplane,"UNITED AIRLINES",NULL,"LOW SPEED"
Airplane,"UNITED AIRLINES",NULL,"LOW SPEED"
Airplane,BUSINESS,20,"LOW SPEED"
Airplane,"SOUTHWEST AIRLINES",NULL,"LOW SPEED"
Airplane,"HORIZON AIR",NULL,"LOW SPEED"
Airplane,"COMAIR AIRLINES",9,"LOW SPEED"
Airplane,"UNITED AIRLINES",NULL,"LOW SPEED"
Airplane,COMMUTAIR,0,"LOW SPEED"
Airplane,"AMERICAN AIRLINES",0,"LOW SPEED"
Airplane,"AIR WISCONSIN AIRLINES",0,"LOW SPEED"
Airplane,"UNITED AIRLINES",0,"LOW SPEED"
Airplane,"UNITED AIRLINES",NULL,"LOW SPEED"
,UNKNOWN,NULL,"LOW SPEED"
Airplane,"ABX AIR",NULL,"LOW SPEED"
Airplane,"AMERICAN AIRLINES",0,"LOW SPEED"
,UNKNOWN,NULL,"LOW SPEED"
,UNKNOWN,0,"LOW SPEED"
Airplane,BUSINESS,0,"LOW SPEED"
Airplane,"MIDWAY AIRLINES",0,"LOW SPEED"
Airplane,"UNITED AIRLINES",NULL,"LOW SPEED"
Airplane,UNKNOWN,20,"LOW SPEED"
Airplane,"EXECUTIVE JET AVIATION",50,"LOW SPEED"
Airplane,"HAWAIIAN AIR",0,"LOW SPEED"
Airplane,"PRO AIR",0,"LOW SPEED"
Airplane,"UNITED AIRLINES",NULL,"LOW SPEED"
Airplane,"UNITED AIRLINES",0,"LOW SPEED"
Airplane,"UNITED AIRLINES",NULL,"LOW SPEED"
,UNKNOWN,NULL,"LOW SPEED"
Airplane,"PRIVATELY OWNED",15,"LOW SPEED"
,UNKNOWN,NULL,"LOW SPEED"
,UNKNOWN,NULL,"LOW SPEED"
Airplane,MILITARY,50,"LOW SPEED"
Airplane,"MESABA AIRLINES",0,"LOW SPEED"
Airplane,"ABX AIR",NULL,"LOW SPEED"
Airplane,"DELTA AIR LINES",0,"LOW SPEED"
Airplane,"UNITED AIRLINES",NULL,"LOW SPEED"
Airplane,"AMERICAN EAGLE AIRLINES",0,"LOW SPEED"
,UNKNOWN,NULL,"LOW SPEED"
,UNKNOWN,NULL,"LOW SPEED"
Airplane,"UNITED AIRLINES",NULL,"LOW SPEED"
,UNKNOWN,NULL,"LOW SPEED"
Airplane,"UNITED AIRLINES",NULL,"LOW SPEED"
,UNKNOWN,NULL,"LOW SPEED"
Airplane,"AMERICAN EAGLE AIRLINES",0,"LOW SPEED"
,UNKNOWN,NULL,"LOW SPEED"
,UNKNOWN,NULL,"LOW SPEED"
Airplane,"TRANS WORLD AIRLINES",0,"LOW SPEED"
Airplane,"ALASKA AIRLINES",0,"LOW SPEED"
Airplane,"UNITED AIRLINES",NULL,"LOW SPEED"
Airplane,"CONTINENTAL AIRLINES",0,"LOW SPEED"
Airplane,"DELTA AIR LINES",0,"LOW SPEED"
Airplane,"DELTA AIR LINES",0,"LOW SPEED"
Airplane,"PRIVATELY OWNED",50,"LOW SPEED"
Airplane,"DELTA AIR LINES",NULL,"LOW SPEED"
Airplane,"AIR TRANSPORT INTL",NULL,"LOW SPEED"
,UNKNOWN,NULL,"LOW SPEED"
,UNKNOWN,NULL,"LOW SPEED"
,UNKNOWN,NULL,"LOW SPEED"
,UNKNOWN,NULL,"LOW SPEED"
Airplane,MILITARY,NULL,"LOW SPEED"
Airplane,MILITARY,50,"LOW SPEED"
Airplane,"DELTA AIR LINES",NULL,"LOW SPEED"
Airplane,"SOUTHWEST AIRLINES",NULL,"LOW SPEED"
Airplane,"DELTA AIR LINES",0,"LOW SPEED"
Airplane,"AMERICA WEST AIRLINES",50,"LOW SPEED"
Airplane,BUSINESS,0,"LOW SPEED"
Airplane,"UNITED AIRLINES",NULL,"LOW SPEED"
Airplane,BUSINESS,0,"LOW SPEED"
Airplane,"US AIRWAYS*",NULL,"LOW SPEED"
Airplane,"UNITED AIRLINES",NULL,"LOW SPEED"
Airplane,BUSINESS,5,"LOW SPEED"
Airplane,"PRIVATELY OWNED",0,"LOW SPEED"
Airplane,"US AIRWAYS*",0,"LOW SPEED"
Airplane,"AMERICAN EAGLE AIRLINES",0,"LOW SPEED"
Airplane,"UNITED AIRLINES",NULL,"LOW SPEED"
,UNKNOWN,NULL,"LOW SPEED"
Airplane,"SOUTHWEST AIRLINES",0,"LOW SPEED"
,UNKNOWN,NULL,"LOW SPEED"
Airplane,"FEDEX EXPRESS",NULL,"LOW SPEED"
Airplane,"UPS AIRLINES",20,"LOW SPEED"
Airplane,"UNITED AIRLINES",NULL,"LOW SPEED"
Airplane,"ABX AIR",NULL,"LOW SPEED"
Airplane,"DELTA AIR LINES",0,"LOW SPEED"
Airplane,"AMERICA WEST AIRLINES",0,"LOW SPEED"
Airplane,"UNITED AIRLINES",NULL,"LOW SPEED"
,UNKNOWN,NULL,"LOW SPEED"
Airplane,"PRIVATELY OWNED",NULL,"LOW SPEED"
Airplane,"SKYWEST AIRLINES",0,"LOW SPEED"
Airplane,"NORTHWEST AIRLINES",0,"LOW SPEED"
Airplane,MILITARY,0,"LOW SPEED"
Airplane,BUSINESS,0,"LOW SPEED"
,UNKNOWN,NULL,"LOW SPEED"
Airplane,"DELTA AIR LINES",NULL,"LOW SPEED"
Airplane,"POLAR AIR CARGO",NULL,"LOW SPEED"
Airplane,"AMERICA WEST AIRLINES",NULL,"LOW SPEED"
,UNKNOWN,NULL,"LOW SPEED"
Airplane,"MESABA AIRLINES",5,"LOW SPEED"
Airplane,"AIRTRAN AIRWAYS",10,"LOW SPEED"
Airplane,BUSINESS,0,"LOW SPEED"
Airplane,"ATLANTIC COAST AIRLINES",0,"LOW SPEED"
Airplane,"NORTHWEST AIRLINES",NULL,"LOW SPEED"
Airplane,"UNITED AIRLINES",NULL,"LOW SPEED"
,UNKNOWN,NULL,"LOW SPEED"
Airplane,"EMPIRE AIRLINES",10,"LOW SPEED"
Airplane,"ABX AIR",NULL,"LOW SPEED"
,UNKNOWN,NULL,"LOW SPEED"
,UNKNOWN,NULL,"LOW SPEED"
Airplane,"UNITED AIRLINES",NULL,"LOW SPEED"
Airplane,"AMERICAN AIRLINES",NULL,"LOW SPEED"
Airplane,"HORIZON AIR",0,"LOW SPEED"
Airplane,"US AIRWAYS*",40,"LOW SPEED"
Airplane,"AIR TRANSPORT INTL",50,"LOW SPEED"
Airplane,"PRIVATELY OWNED",0,"LOW SPEED"
,UNKNOWN,NULL,"LOW SPEED"
Airplane,"UNITED AIRLINES",NULL,"LOW SPEED"
Airplane,"UNITED AIRLINES",NULL,"LOW SPEED"
Airplane,"AMERICAN AIRLINES",10,"LOW SPEED"
Airplane,"AMERICAN AIRLINES",NULL,"LOW SPEED"
Airplane,"ATLANTIC COAST AIRLINES",0,"LOW SPEED"
Airplane,"NORTHWEST AIRLINES",0,"LOW SPEED"
Airplane,"UNITED AIRLINES",0,"LOW SPEED"
Airplane,"US AIRWAYS*",5,"LOW SPEED"
Airplane,"NORTHWEST AIRLINES",NULL,"LOW SPEED"
Airplane,"UNITED AIRLINES",0,"LOW SPEED"
Airplane,"NORTHWEST AIRLINES",0,"LOW SPEED"
Airplane,"DELTA AIR LINES",NULL,"LOW SPEED"
Airplane,BUSINESS,0,"LOW SPEED"
,MILITARY,NULL,"LOW SPEED"
Airplane,"UNION FLIGHTS",NULL,"LOW SPEED"
Airplane,"NORTHWEST AIRLINES",0,"LOW SPEED"
Airplane,"US AIRWAYS*",NULL,"LOW SPEED"
,UNKNOWN,NULL,"LOW SPEED"
Airplane,BANKAIR,50,"LOW SPEED"
Airplane,BUSINESS,0,"LOW SPEED"
,UNKNOWN,NULL,"LOW SPEED"
Airplane,"UNITED AIRLINES",0,"LOW SPEED"
Airplane,BUSINESS,0,"LOW SPEED"
Airplane,"US AIRWAYS*",NULL,"LOW SPEED"
Airplane,"AMERICAN EAGLE AIRLINES",10,"LOW SPEED"
Airplane,"FEDEX EXPRESS",NULL,"LOW SPEED"
Airplane,"FEDEX EXPRESS",50,"LOW SPEED"
Airplane,"CONTINENTAL AIRLINES",NULL,"LOW SPEED"
Airplane,"AMERICAN AIRLINES",0,"LOW SPEED"
,UNKNOWN,NULL,"LOW SPEED"
Airplane,MILITARY,20,"LOW SPEED"
Airplane,MILITARY,NULL,"LOW SPEED"
Airplane,BUSINESS,3,"LOW SPEED"
Airplane,"UNITED AIRLINES",NULL,"LOW SPEED"
Airplane,"UNITED AIRLINES",NULL,"LOW SPEED"
Airplane,"AMERICAN AIRLINES",50,"LOW SPEED"
Airplane,"UNITED AIRLINES",0,"LOW SPEED"
Airplane,UNKNOWN,0,"LOW SPEED"
,UNKNOWN,NULL,"LOW SPEED"
Airplane,"AMERICAN AIRLINES",0,"LOW SPEED"
Airplane,"AMERICAN AIRLINES",12,"LOW SPEED"
Airplane,"ABX AIR",NULL,"LOW SPEED"
Airplane,MILITARY,40,"LOW SPEED"
Airplane,"FEDEX EXPRESS",NULL,"LOW SPEED"
Airplane,"AMERICAN EAGLE AIRLINES",5,"LOW SPEED"
Airplane,BUSINESS,NULL,"LOW SPEED"
Airplane,"UNITED AIRLINES",NULL,"LOW SPEED"
Airplane,"UNITED AIRLINES",NULL,"LOW SPEED"
Airplane,"UNITED AIRLINES",NULL,"LOW SPEED"
Airplane,"UNITED AIRLINES",NULL,"LOW SPEED"
Airplane,"UNITED AIRLINES",NULL,"LOW SPEED"
Airplane,"DELTA AIR LINES",NULL,"LOW SPEED"
Airplane,"NORTHWEST AIRLINES",NULL,"LOW SPEED"
Airplane,"HAWAIIAN AIR",0,"LOW SPEED"
Airplane,"PRIVATELY OWNED",30,"LOW SPEED"
Airplane,"US AIRWAYS*",0,"LOW SPEED"
Airplane,"FEDEX EXPRESS",0,"LOW SPEED"
Airplane,"UNITED AIRLINES",0,"LOW SPEED"
Airplane,"UNITED AIRLINES",NULL,"LOW SPEED"
Airplane,"UNITED AIRLINES",NULL,"LOW SPEED"
Airplane,GOVERNMENT,2,"LOW SPEED"
Airplane,"DELTA AIR LINES",0,"LOW SPEED"
,UNKNOWN,NULL,"LOW SPEED"
Airplane,BUSINESS,0,"LOW SPEED"
,MILITARY,NULL,"LOW SPEED"
,UNKNOWN,NULL,"LOW SPEED"
Airplane,"ABX AIR",NULL,"LOW SPEED"
Airplane,"ABX AIR",NULL,"LOW SPEED"
Airplane,"UNITED AIRLINES",0,"LOW SPEED"
Airplane,"PRIVATELY OWNED",50,"LOW SPEED"
Airplane,"SCANDANAVIAN AIRLINES",0,"LOW SPEED"
Airplane,"UNITED AIRLINES",NULL,"LOW SPEED"
Airplane,"UNITED AIRLINES",NULL,"LOW SPEED"
Airplane,"UNITED AIRLINES",NULL,"LOW SPEED"
Airplane,BUSINESS,30,"LOW SPEED"
Airplane,"TRANS WORLD AIRLINES",0,"LOW SPEED"
Airplane,"UNITED AIRLINES",NULL,"LOW SPEED"
Airplane,"ATLANTIC SOUTHEAST",0,"LOW SPEED"
Airplane,"UNITED AIRLINES",NULL,"LOW SPEED"
Airplane,BUSINESS,0,"LOW SPEED"
Airplane,"AMERICAN EAGLE AIRLINES",0,"LOW SPEED"
,UNKNOWN,NULL,"LOW SPEED"
Airplane,"UNITED AIRLINES",NULL,"LOW SPEED"
Airplane,"NORTHWEST AIRLINES",0,"LOW SPEED"
Airplane,"UNITED AIRLINES",0,"LOW SPEED"
Airplane,"UNITED AIRLINES",NULL,"LOW SPEED"
Airplane,"UNITED AIRLINES",NULL,"LOW SPEED"
Airplane,"UNITED AIRLINES",NULL,"LOW SPEED"
,UNKNOWN,NULL,"LOW SPEED"
Airplane,BUSINESS,0,"LOW SPEED"
Airplane,"NORTHWEST AIRLINES",0,"LOW SPEED"
Airplane,BUSINESS,10,"LOW SPEED"
,UNKNOWN,NULL,"LOW SPEED"
Airplane,"COMAIR AIRLINES",0,"LOW SPEED"
Airplane,"UNITED AIRLINES",0,"LOW SPEED"
Airplane,"UNITED AIRLINES",NULL,"LOW SPEED"
Airplane,"UNITED AIRLINES",NULL,"LOW SPEED"
Airplane,"UNITED AIRLINES",NULL,"LOW SPEED"
Airplane,"UNITED AIRLINES",NULL,"LOW SPEED"
,UNKNOWN,NULL,"LOW SPEED"
,UNKNOWN,NULL,"LOW SPEED"
Airplane,"AMERICA WEST AIRLINES",NULL,"LOW SPEED"
,UNKNOWN,NULL,"LOW SPEED"
Airplane,BUSINESS,5,"LOW SPEED"
Airplane,BUSINESS,NULL,"LOW SPEED"
Airplane,"ROYAL JORDANIAN",NULL,"LOW SPEED"
Airplane,"AMERICAN AIRLINES",0,"LOW SPEED"
Airplane,BUSINESS,0,"LOW SPEED"
Airplane,"UNITED AIRLINES",0,"LOW SPEED"
Airplane,"UNITED AIRLINES",NULL,"LOW SPEED"
,UNKNOWN,NULL,"LOW SPEED"
Airplane,"UNITED AIRLINES",NULL,"LOW SPEED"
Airplane,"AIRTRAN AIRWAYS",50,"LOW SPEED"
Airplane,"MESABA AIRLINES",50,"LOW SPEED"
,UNKNOWN,NULL,"LOW SPEED"
,UNKNOWN,NULL,"LOW SPEED"
,UNKNOWN,NULL,"LOW SPEED"
Airplane,"UNITED AIRLINES",NULL,"LOW SPEED"
Airplane,"UNITED AIRLINES",NULL,"LOW SPEED"
Airplane,BUSINESS,0,"LOW SPEED"
Airplane,"PSA AIRLINES",0,"LOW SPEED"
Airplane,"PRIVATELY OWNED",0,"LOW SPEED"
Airplane,"HORIZON AIR",0,"LOW SPEED"
Airplane,"SPIRIT AIRLINES",NULL,"LOW SPEED"
Airplane,"UNITED AIRLINES",NULL,"LOW SPEED"
Airplane,"DELTA AIR LINES",NULL,"LOW SPEED"
Airplane,"UNITED AIRLINES",NULL,"LOW SPEED"
Airplane,"EXECUTIVE JET AVIATION",0,"LOW SPEED"
Airplane,"COMAIR AIRLINES",0,"LOW SPEED"
Airplane,BUSINESS,0,"LOW SPEED"
,UNKNOWN,NULL,"LOW SPEED"
,UNKNOWN,NULL,"LOW SPEED"
Airplane,"AMERICAN AIRLINES",0,"LOW SPEED"
Airplane,"DELTA AIR LINES",0,"LOW SPEED"
Airplane,"US AIRWAYS*",5,"LOW SPEED"
Airplane,"ABX AIR",NULL,"LOW SPEED"
Airplane,"ABX AIR",NULL,"LOW SPEED"
Airplane,"UNITED AIRLINES",0,"LOW SPEED"
Airplane,ALLEGHENYAIRLINES,5,"LOW SPEED"
Airplane,BUSINESS,50,"LOW SPEED"
Airplane,"SUPERIOR AVIATION",50,"LOW SPEED"
,UNKNOWN,NULL,"LOW SPEED"
,UNKNOWN,NULL,"LOW SPEED"
Airplane,BUSINESS,0,"LOW SPEED"
Airplane,"ABX AIR",0,"LOW SPEED"
Airplane,"UNITED AIRLINES",NULL,"LOW SPEED"
Airplane,"SOUTHWEST AIRLINES",0,"LOW SPEED"
Airplane,"DELTA AIR LINES",NULL,"LOW SPEED"
Airplane,"UNITED AIRLINES",0,"LOW SPEED"
Airplane,"ABX AIR",NULL,"LOW SPEED"
Airplane,"UNITED AIRLINES",NULL,"LOW SPEED"
Airplane,"UNITED AIRLINES",NULL,"LOW SPEED"
Airplane,"UNITED AIRLINES",NULL,"LOW SPEED"
Airplane,"UNITED AIRLINES",NULL,"LOW SPEED"
,UNKNOWN,NULL,"LOW SPEED"
Airplane,"UNITED AIRLINES",NULL,"LOW SPEED"
,UNKNOWN,NULL,"LOW SPEED"
Airplane,"NORTHWEST AIRLINES",0,"LOW SPEED"
,UNKNOWN,NULL,"LOW SPEED"
Airplane,"AMERICAN AIRLINES",0,"LOW SPEED"
Airplane,"DELTA AIR LINES",NULL,"LOW SPEED"
Airplane,"PRIVATELY OWNED",0,"LOW SPEED"
Airplane,"UNITED AIRLINES",NULL,"LOW SPEED"
Airplane,"ALASKA AIRLINES",10,"LOW SPEED"
Airplane,BUSINESS,15,"LOW SPEED"
Airplane,"UNITED AIRLINES",0,"LOW SPEED"
Airplane,"AMERICA WEST AIRLINES",NULL,"LOW SPEED"
,UNKNOWN,NULL,"LOW SPEED"
Airplane,"UNITED AIRLINES",0,"LOW SPEED"
Airplane,"US AIRWAYS*",0,"LOW SPEED"
Airplane,"US AIRWAYS*",0,"LOW SPEED"
Airplane,"ATLANTIC COAST AIRLINES",NULL,"LOW SPEED"
Airplane,"NORTHWEST AIRLINES",50,"LOW SPEED"
Airplane,"ATA AIRLINES",NULL,"LOW SPEED"
Airplane,UNKNOWN,0,"LOW SPEED"
Airplane,"DELTA AIR LINES",0,"LOW SPEED"
Airplane,"AIRTRAN AIRWAYS",75,"LOW SPEED"
Airplane,"TRANS WORLD AIRLINES",0,"LOW SPEED"
Airplane,BUSINESS,0,"LOW SPEED"
Airplane,"ALASKA AIRLINES",0,"LOW SPEED"
Airplane,"UNITED AIRLINES",0,"LOW SPEED"
Airplane,"AMERICAN AIRLINES",0,"LOW SPEED"
Airplane,"EXPRESSJET (CONTINENTAL EXPRS)",20,"LOW SPEED"
Airplane,"DELTA AIR LINES",30,"LOW SPEED"
,UNKNOWN,NULL,"LOW SPEED"
Airplane,"AIR CANADA",NULL,"LOW SPEED"
Airplane,"UNITED AIRLINES",NULL,"LOW SPEED"
Airplane,"UNITED AIRLINES",NULL,"LOW SPEED"
Airplane,"UNITED AIRLINES",NULL,"LOW SPEED"
Airplane,"ALASKA AIRLINES",NULL,"LOW SPEED"
Airplane,"UNITED AIRLINES",NULL,"LOW SPEED"
Airplane,"NORTHWEST AIRLINES",NULL,"LOW SPEED"
,UNKNOWN,NULL,"LOW SPEED"
Airplane,BUSINESS,0,"LOW SPEED"
Airplane,"AMERICA WEST AIRLINES",NULL,"LOW SPEED"
,UNKNOWN,NULL,"LOW SPEED"
Airplane,"AIR MIDWEST",0,"LOW SPEED"
Airplane,"DELTA AIR LINES",0,"LOW SPEED"
Airplane,"UNITED AIRLINES",NULL,"LOW SPEED"
Airplane,"UNITED AIRLINES",NULL,"LOW SPEED"
Airplane,"US AIRWAYS*",NULL,"LOW SPEED"
,UNKNOWN,NULL,"LOW SPEED"
Airplane,MILITARY,NULL,"LOW SPEED"
Airplane,"AIRTOURS INTL",0,"LOW SPEED"
Airplane,"ABX AIR",NULL,"LOW SPEED"
Airplane,"UNITED AIRLINES",NULL,"LOW SPEED"
,UNKNOWN,NULL,"LOW SPEED"
Airplane,"UNITED AIRLINES",NULL,"LOW SPEED"
,UNKNOWN,NULL,"LOW SPEED"
Airplane,"AMERICAN AIRLINES",0,"LOW SPEED"
Airplane,"AMERICA WEST AIRLINES",NULL,"LOW SPEED"
,UNKNOWN,NULL,"LOW SPEED"
Airplane,BUSINESS,5,"LOW SPEED"
Airplane,"AMERICAN AIRLINES",0,"LOW SPEED"
Airplane,UNKNOWN,0,"LOW SPEED"
Airplane,"AIRTRAN AIRWAYS",0,"LOW SPEED"
Airplane,"UNITED AIRLINES",0,"LOW SPEED"
Airplane,"UNITED AIRLINES",50,"LOW SPEED"
Airplane,"UNITED AIRLINES",NULL,"LOW SPEED"
Airplane,BUSINESS,10,"LOW SPEED"
Airplane,BUSINESS,NULL,"LOW SPEED"
,UNKNOWN,NULL,"LOW SPEED"
,UNKNOWN,NULL,"LOW SPEED"
Airplane,"SOUTHWEST AIRLINES",0,"LOW SPEED"
Airplane,"HAWAIIAN AIR",NULL,"LOW SPEED"
Airplane,"PIEDMONT AIRLINES",0,"LOW SPEED"
Helicopter,"PRIVATELY OWNED",9,"LOW SPEED"
Airplane,"EL AL",0,"LOW SPEED"
Airplane,"UNITED AIRLINES",NULL,"LOW SPEED"
Airplane,"UNITED AIRLINES",NULL,"LOW SPEED"
,UNKNOWN,NULL,"LOW SPEED"
Airplane,BUSINESS,85,"LOW SPEED"
Airplane,"EXPRESSJET (CONTINENTAL EXPRS)",0,"LOW SPEED"
,UNKNOWN,NULL,"LOW SPEED"
Airplane,"US AIRWAYS*",NULL,"LOW SPEED"
,UNKNOWN,NULL,"LOW SPEED"
Airplane,"COMAIR AIRLINES",0,"LOW SPEED"
Airplane,"DELTA AIR LINES",0,"LOW SPEED"
Airplane,MILITARY,50,"LOW SPEED"
Airplane,"CONTINENTAL AIRLINES",0,"LOW SPEED"
Airplane,"ABX AIR",NULL,"LOW SPEED"
Airplane,"MESA AIRLINES",0,"LOW SPEED"
Airplane,"UNITED AIRLINES",NULL,"LOW SPEED"
Airplane,"UNITED AIRLINES",NULL,"LOW SPEED"
Airplane,"UNITED AIRLINES",NULL,"LOW SPEED"
Airplane,"NORTHWEST AIRLINES",0,"LOW SPEED"
Airplane,"CAPE AIR",0,"LOW SPEED"
,UNKNOWN,NULL,"LOW SPEED"
Airplane,"NORTHWEST AIRLINES",0,"LOW SPEED"
Airplane,BUSINESS,50,"LOW SPEED"
Airplane,"UNITED AIRLINES",NULL,"LOW SPEED"
Airplane,"SOUTHWEST AIRLINES",50,"LOW SPEED"
Airplane,BUSINESS,10,"LOW SPEED"
Airplane,"COMAIR AIRLINES",0,"LOW SPEED"
Airplane,"DELTA AIR LINES",NULL,"LOW SPEED"
Airplane,BUSINESS,0,"LOW SPEED"
Airplane,"US AIRWAYS*",0,"LOW SPEED"
Airplane,"SOUTHWEST AIRLINES",NULL,"LOW SPEED"
Airplane,"US AIRWAYS*",NULL,"LOW SPEED"
Airplane,"UNITED AIRLINES",NULL,"LOW SPEED"
Airplane,"UNITED AIRLINES",NULL,"LOW SPEED"
Airplane,"UNITED AIRLINES",NULL,"LOW SPEED"
,UNKNOWN,NULL,"LOW SPEED"
Airplane,"AMERICAN AIRLINES",0,"LOW SPEED"
,UNKNOWN,NULL,"LOW SPEED"
Airplane,"ALOHA AIRLINES",0,"LOW SPEED"
Airplane,"DELTA AIR LINES",0,"LOW SPEED"
Airplane,"UNITED AIRLINES",0,"LOW SPEED"
Airplane,"HORIZON AIR",0,"LOW SPEED"
Airplane,BUSINESS,90,"LOW SPEED"
,UNKNOWN,NULL,"LOW SPEED"
Airplane,"PRIVATELY OWNED",0,"LOW SPEED"
Airplane,BUSINESS,0,"LOW SPEED"
Airplane,"AMERICAN AIRLINES",0,"LOW SPEED"
Airplane,"UNITED AIRLINES",NULL,"LOW SPEED"
Airplane,"UNITED AIRLINES",NULL,"LOW SPEED"
Airplane,"UNITED AIRLINES",NULL,"LOW SPEED"
Airplane,"AIR AFRIQUE",10,"LOW SPEED"
,UNKNOWN,NULL,"LOW SPEED"
Airplane,"UNITED AIRLINES",NULL,"LOW SPEED"
Airplane,"UNITED AIRLINES",NULL,"LOW SPEED"
Airplane,"AMERICAN AIRLINES",NULL,"LOW SPEED"
,UNKNOWN,NULL,"LOW SPEED"
Airplane,"UNITED AIRLINES",NULL,"LOW SPEED"
Airplane,MILITARY,0,"LOW SPEED"
,MILITARY,30,"LOW SPEED"
Airplane,MILITARY,NULL,"LOW SPEED"
Airplane,"CONTINENTAL AIRLINES",0,"LOW SPEED"
Airplane,"US AIRWAYS*",NULL,"LOW SPEED"
Airplane,"UNITED AIRLINES",0,"LOW SPEED"
